Waiting Time,ALTERAR.Queue,0.1869
Waiting Time,APP.Queue,0.3074
Waiting Time,BD.Queue,0.3112
Waiting Time,CONSULTAR.Queue,0.3326
Waiting Time,LOGIN.Queue,0.3800
Number Waiting,ALTERAR.Queue,0.05737848
Number Waiting,APP.Queue,0.2333
Number Waiting,BD.Queue,0.2530
Number Waiting,CONSULTAR.Queue,0.1686
Number Waiting,LOGIN.Queue,0.2884
Instantaneous Utilization,ResourceAlterar,0.2051
Instantaneous Utilization,ResourceApp,0.4026
Instantaneous Utilization,ResourceBD,0.4023
Instantaneous Utilization,ResourceConsultar,0.3207
Instantaneous Utilization,ResourceLogin,0.4192
Waiting Time,ALTERAR.Queue,0.2150
Waiting Time,APP.Queue,0.2884
Waiting Time,BD.Queue,0.2916
Waiting Time,CONSULTAR.Queue,0.2510
Waiting Time,LOGIN.Queue,0.5452
Number Waiting,ALTERAR.Queue,0.06535994
Number Waiting,APP.Queue,0.2108
Number Waiting,BD.Queue,0.2318
Number Waiting,CONSULTAR.Queue,0.1252
Number Waiting,LOGIN.Queue,0.3986
Instantaneous Utilization,ResourceAlterar,0.2352
Instantaneous Utilization,ResourceApp,0.3865
Instantaneous Utilization,ResourceBD,0.3718
Instantaneous Utilization,ResourceConsultar,0.2977
Instantaneous Utilization,ResourceLogin,0.4503
Waiting Time,ALTERAR.Queue,0.1454
Waiting Time,APP.Queue,0.2783
Waiting Time,BD.Queue,0.2258
Waiting Time,CONSULTAR.Queue,0.3794
Waiting Time,LOGIN.Queue,0.4188
Number Waiting,ALTERAR.Queue,0.05079042
Number Waiting,APP.Queue,0.2113
Number Waiting,BD.Queue,0.1835
Number Waiting,CONSULTAR.Queue,0.1783
Number Waiting,LOGIN.Queue,0.3179
Instantaneous Utilization,ResourceAlterar,0.2394
Instantaneous Utilization,ResourceApp,0.3937
Instantaneous Utilization,ResourceBD,0.3909
Instantaneous Utilization,ResourceConsultar,0.3175
Instantaneous Utilization,ResourceLogin,0.4378
Waiting Time,ALTERAR.Queue,0.1320
Waiting Time,APP.Queue,0.3325
Waiting Time,BD.Queue,0.3137
Waiting Time,CONSULTAR.Queue,0.2208
Waiting Time,LOGIN.Queue,0.3346
Number Waiting,ALTERAR.Queue,0.03999789
Number Waiting,APP.Queue,0.2410
Number Waiting,BD.Queue,0.2350
Number Waiting,CONSULTAR.Queue,0.1023
Number Waiting,LOGIN.Queue,0.2359
Instantaneous Utilization,ResourceAlterar,0.2068
Instantaneous Utilization,ResourceApp,0.3605
Instantaneous Utilization,ResourceBD,0.3609
Instantaneous Utilization,ResourceConsultar,0.2835
Instantaneous Utilization,ResourceLogin,0.4312
Waiting Time,ALTERAR.Queue,0.2675
Waiting Time,APP.Queue,0.2424
Waiting Time,BD.Queue,0.2935
Waiting Time,CONSULTAR.Queue,0.2869
Waiting Time,LOGIN.Queue,0.3312
Number Waiting,ALTERAR.Queue,0.07945664
Number Waiting,APP.Queue,0.1681
Number Waiting,BD.Queue,0.2231
Number Waiting,CONSULTAR.Queue,0.1331
Number Waiting,LOGIN.Queue,0.2292
Instantaneous Utilization,ResourceAlterar,0.2067
Instantaneous Utilization,ResourceApp,0.3567
Instantaneous Utilization,ResourceBD,0.3692
Instantaneous Utilization,ResourceConsultar,0.3019
Instantaneous Utilization,ResourceLogin,0.4098
Waiting Time,ALTERAR.Queue,0.2125
Waiting Time,APP.Queue,0.3187
Waiting Time,BD.Queue,0.2647
Waiting Time,CONSULTAR.Queue,0.3249
Waiting Time,LOGIN.Queue,0.5499
Number Waiting,ALTERAR.Queue,0.06949658
Number Waiting,APP.Queue,0.2387
Number Waiting,BD.Queue,0.2133
Number Waiting,CONSULTAR.Queue,0.1556
Number Waiting,LOGIN.Queue,0.4120
Instantaneous Utilization,ResourceAlterar,0.2444
Instantaneous Utilization,ResourceApp,0.3861
Instantaneous Utilization,ResourceBD,0.3666
Instantaneous Utilization,ResourceConsultar,0.3244
Instantaneous Utilization,ResourceLogin,0.4489
Waiting Time,ALTERAR.Queue,0.2218
Waiting Time,APP.Queue,0.3645
Waiting Time,BD.Queue,0.2953
Waiting Time,CONSULTAR.Queue,0.3213
Waiting Time,LOGIN.Queue,0.6782
Number Waiting,ALTERAR.Queue,0.07495508
Number Waiting,APP.Queue,0.2843
Number Waiting,BD.Queue,0.2513
Number Waiting,CONSULTAR.Queue,0.1648
Number Waiting,LOGIN.Queue,0.5290
Instantaneous Utilization,ResourceAlterar,0.2496
Instantaneous Utilization,ResourceApp,0.4493
Instantaneous Utilization,ResourceBD,0.4215
Instantaneous Utilization,ResourceConsultar,0.3408
Instantaneous Utilization,ResourceLogin,0.5089
Waiting Time,ALTERAR.Queue,0.2428
Waiting Time,APP.Queue,0.4353
Waiting Time,BD.Queue,0.2674
Waiting Time,CONSULTAR.Queue,0.2460
Waiting Time,LOGIN.Queue,0.3679
Number Waiting,ALTERAR.Queue,0.08545357
Number Waiting,APP.Queue,0.3312
Number Waiting,BD.Queue,0.2222
Number Waiting,CONSULTAR.Queue,0.1178
Number Waiting,LOGIN.Queue,0.2829
Instantaneous Utilization,ResourceAlterar,0.2519
Instantaneous Utilization,ResourceApp,0.4099
Instantaneous Utilization,ResourceBD,0.3964
Instantaneous Utilization,ResourceConsultar,0.3210
Instantaneous Utilization,ResourceLogin,0.4095
Waiting Time,ALTERAR.Queue,0.1962
Waiting Time,APP.Queue,0.3111
Waiting Time,BD.Queue,0.2595
Waiting Time,CONSULTAR.Queue,0.2972
Waiting Time,LOGIN.Queue,0.4816
Number Waiting,ALTERAR.Queue,0.06003517
Number Waiting,APP.Queue,0.2271
Number Waiting,BD.Queue,0.2050
Number Waiting,CONSULTAR.Queue,0.1441
Number Waiting,LOGIN.Queue,0.3515
Instantaneous Utilization,ResourceAlterar,0.2179
Instantaneous Utilization,ResourceApp,0.3928
Instantaneous Utilization,ResourceBD,0.3752
Instantaneous Utilization,ResourceConsultar,0.3363
Instantaneous Utilization,ResourceLogin,0.4300
Waiting Time,ALTERAR.Queue,0.1736
Waiting Time,APP.Queue,0.3330
Waiting Time,BD.Queue,0.3563
Waiting Time,CONSULTAR.Queue,0.4513
Waiting Time,LOGIN.Queue,0.5052
Number Waiting,ALTERAR.Queue,0.05468785
Number Waiting,APP.Queue,0.2444
Number Waiting,BD.Queue,0.2847
Number Waiting,CONSULTAR.Queue,0.2189
Number Waiting,LOGIN.Queue,0.3720
Instantaneous Utilization,ResourceAlterar,0.2060
Instantaneous Utilization,ResourceApp,0.3996
Instantaneous Utilization,ResourceBD,0.3866
Instantaneous Utilization,ResourceConsultar,0.3273
Instantaneous Utilization,ResourceLogin,0.4479
Waiting Time,ALTERAR.Queue,0.1968
Waiting Time,APP.Queue,0.2483
Waiting Time,BD.Queue,0.2304
Waiting Time,CONSULTAR.Queue,0.3411
Waiting Time,LOGIN.Queue,0.3331
Number Waiting,ALTERAR.Queue,0.06631888
Number Waiting,APP.Queue,0.1845
Number Waiting,BD.Queue,0.1857
Number Waiting,CONSULTAR.Queue,0.1600
Number Waiting,LOGIN.Queue,0.2475
Instantaneous Utilization,ResourceAlterar,0.2490
Instantaneous Utilization,ResourceApp,0.3710
Instantaneous Utilization,ResourceBD,0.3800
Instantaneous Utilization,ResourceConsultar,0.3144
Instantaneous Utilization,ResourceLogin,0.4223
Waiting Time,ALTERAR.Queue,0.2625
Waiting Time,APP.Queue,0.3574
Waiting Time,BD.Queue,0.2821
Waiting Time,CONSULTAR.Queue,0.3394
Waiting Time,LOGIN.Queue,0.5445
Number Waiting,ALTERAR.Queue,0.0943
Number Waiting,APP.Queue,0.2831
Number Waiting,BD.Queue,0.2429
Number Waiting,CONSULTAR.Queue,0.1740
Number Waiting,LOGIN.Queue,0.4313
Instantaneous Utilization,ResourceAlterar,0.2492
Instantaneous Utilization,ResourceApp,0.4118
Instantaneous Utilization,ResourceBD,0.4018
Instantaneous Utilization,ResourceConsultar,0.3268
Instantaneous Utilization,ResourceLogin,0.4782
Waiting Time,ALTERAR.Queue,0.2183
Waiting Time,APP.Queue,0.2758
Waiting Time,BD.Queue,0.2939
Waiting Time,CONSULTAR.Queue,0.2197
Waiting Time,LOGIN.Queue,0.4320
Number Waiting,ALTERAR.Queue,0.06941156
Number Waiting,APP.Queue,0.2052
Number Waiting,BD.Queue,0.2326
Number Waiting,CONSULTAR.Queue,0.1055
Number Waiting,LOGIN.Queue,0.3214
Instantaneous Utilization,ResourceAlterar,0.2176
Instantaneous Utilization,ResourceApp,0.3931
Instantaneous Utilization,ResourceBD,0.3896
Instantaneous Utilization,ResourceConsultar,0.2955
Instantaneous Utilization,ResourceLogin,0.4400
Waiting Time,ALTERAR.Queue,0.2419
Waiting Time,APP.Queue,0.2873
Waiting Time,BD.Queue,0.2457
Waiting Time,CONSULTAR.Queue,0.3748
Waiting Time,LOGIN.Queue,0.3588
Number Waiting,ALTERAR.Queue,0.07788528
Number Waiting,APP.Queue,0.2210
Number Waiting,BD.Queue,0.2042
Number Waiting,CONSULTAR.Queue,0.1924
Number Waiting,LOGIN.Queue,0.2768
Instantaneous Utilization,ResourceAlterar,0.2519
Instantaneous Utilization,ResourceApp,0.3899
Instantaneous Utilization,ResourceBD,0.3992
Instantaneous Utilization,ResourceConsultar,0.3584
Instantaneous Utilization,ResourceLogin,0.4323
Waiting Time,ALTERAR.Queue,0.2202
Waiting Time,APP.Queue,0.3117
Waiting Time,BD.Queue,0.3101
Waiting Time,CONSULTAR.Queue,0.4199
Waiting Time,LOGIN.Queue,0.4027
Number Waiting,ALTERAR.Queue,0.07180058
Number Waiting,APP.Queue,0.2319
Number Waiting,BD.Queue,0.2453
Number Waiting,CONSULTAR.Queue,0.1957
Number Waiting,LOGIN.Queue,0.2992
Instantaneous Utilization,ResourceAlterar,0.2477
Instantaneous Utilization,ResourceApp,0.3723
Instantaneous Utilization,ResourceBD,0.3769
Instantaneous Utilization,ResourceConsultar,0.3374
Instantaneous Utilization,ResourceLogin,0.4167
Waiting Time,ALTERAR.Queue,0.2276
Waiting Time,APP.Queue,0.3538
Waiting Time,BD.Queue,0.3034
Waiting Time,CONSULTAR.Queue,0.3518
Waiting Time,LOGIN.Queue,0.5227
Number Waiting,ALTERAR.Queue,0.07601337
Number Waiting,APP.Queue,0.2731
Number Waiting,BD.Queue,0.2530
Number Waiting,CONSULTAR.Queue,0.1759
Number Waiting,LOGIN.Queue,0.4035
Instantaneous Utilization,ResourceAlterar,0.2416
Instantaneous Utilization,ResourceApp,0.3955
Instantaneous Utilization,ResourceBD,0.3984
Instantaneous Utilization,ResourceConsultar,0.3436
Instantaneous Utilization,ResourceLogin,0.4707
Waiting Time,ALTERAR.Queue,0.1593
Waiting Time,APP.Queue,0.3740
Waiting Time,BD.Queue,0.2887
Waiting Time,CONSULTAR.Queue,0.3729
Waiting Time,LOGIN.Queue,0.4873
Number Waiting,ALTERAR.Queue,0.05128426
Number Waiting,APP.Queue,0.2816
Number Waiting,BD.Queue,0.2342
Number Waiting,CONSULTAR.Queue,0.1827
Number Waiting,LOGIN.Queue,0.3670
Instantaneous Utilization,ResourceAlterar,0.2238
Instantaneous Utilization,ResourceApp,0.4138
Instantaneous Utilization,ResourceBD,0.3962
Instantaneous Utilization,ResourceConsultar,0.3367
Instantaneous Utilization,ResourceLogin,0.4485
Waiting Time,ALTERAR.Queue,0.1302
Waiting Time,APP.Queue,0.4354
Waiting Time,BD.Queue,0.3125
Waiting Time,CONSULTAR.Queue,0.3556
Waiting Time,LOGIN.Queue,0.4368
Number Waiting,ALTERAR.Queue,0.04516828
Number Waiting,APP.Queue,0.3435
Number Waiting,BD.Queue,0.2597
Number Waiting,CONSULTAR.Queue,0.1725
Number Waiting,LOGIN.Queue,0.3438
Instantaneous Utilization,ResourceAlterar,0.2457
Instantaneous Utilization,ResourceApp,0.4222
Instantaneous Utilization,ResourceBD,0.3928
Instantaneous Utilization,ResourceConsultar,0.3287
Instantaneous Utilization,ResourceLogin,0.4618
Waiting Time,ALTERAR.Queue,0.2824
Waiting Time,APP.Queue,0.4177
Waiting Time,BD.Queue,0.2892
Waiting Time,CONSULTAR.Queue,0.3008
Waiting Time,LOGIN.Queue,0.4511
Number Waiting,ALTERAR.Queue,0.08557850
Number Waiting,APP.Queue,0.3154
Number Waiting,BD.Queue,0.2376
Number Waiting,CONSULTAR.Queue,0.1546
Number Waiting,LOGIN.Queue,0.3402
Instantaneous Utilization,ResourceAlterar,0.2167
Instantaneous Utilization,ResourceApp,0.3577
Instantaneous Utilization,ResourceBD,0.3627
Instantaneous Utilization,ResourceConsultar,0.3393
Instantaneous Utilization,ResourceLogin,0.4383
Waiting Time,ALTERAR.Queue,0.2555
Waiting Time,APP.Queue,0.4848
Waiting Time,BD.Queue,0.3070
Waiting Time,CONSULTAR.Queue,0.3667
Waiting Time,LOGIN.Queue,0.5033
Number Waiting,ALTERAR.Queue,0.0932
Number Waiting,APP.Queue,0.3718
Number Waiting,BD.Queue,0.2569
Number Waiting,CONSULTAR.Queue,0.1735
Number Waiting,LOGIN.Queue,0.3855
Instantaneous Utilization,ResourceAlterar,0.2516
Instantaneous Utilization,ResourceApp,0.4243
Instantaneous Utilization,ResourceBD,0.4113
Instantaneous Utilization,ResourceConsultar,0.3332
Instantaneous Utilization,ResourceLogin,0.4645
Waiting Time,ALTERAR.Queue,0.2122
Waiting Time,APP.Queue,0.3343
Waiting Time,BD.Queue,0.3560
Waiting Time,CONSULTAR.Queue,0.3455
Waiting Time,LOGIN.Queue,0.5387
Number Waiting,ALTERAR.Queue,0.06494213
Number Waiting,APP.Queue,0.2461
Number Waiting,BD.Queue,0.2880
Number Waiting,CONSULTAR.Queue,0.1738
Number Waiting,LOGIN.Queue,0.3960
Instantaneous Utilization,ResourceAlterar,0.2324
Instantaneous Utilization,ResourceApp,0.3708
Instantaneous Utilization,ResourceBD,0.4014
Instantaneous Utilization,ResourceConsultar,0.3462
Instantaneous Utilization,ResourceLogin,0.4483
Waiting Time,ALTERAR.Queue,0.1523
Waiting Time,APP.Queue,0.3488
Waiting Time,BD.Queue,0.4512
Waiting Time,CONSULTAR.Queue,0.2918
Waiting Time,LOGIN.Queue,0.3337
Number Waiting,ALTERAR.Queue,0.04553867
Number Waiting,APP.Queue,0.2507
Number Waiting,BD.Queue,0.3470
Number Waiting,CONSULTAR.Queue,0.1372
Number Waiting,LOGIN.Queue,0.2373
Instantaneous Utilization,ResourceAlterar,0.2149
Instantaneous Utilization,ResourceApp,0.3823
Instantaneous Utilization,ResourceBD,0.3855
Instantaneous Utilization,ResourceConsultar,0.3267
Instantaneous Utilization,ResourceLogin,0.4055
Waiting Time,ALTERAR.Queue,0.2028
Waiting Time,APP.Queue,0.2463
Waiting Time,BD.Queue,0.2565
Waiting Time,CONSULTAR.Queue,0.3550
Waiting Time,LOGIN.Queue,0.4817
Number Waiting,ALTERAR.Queue,0.06246008
Number Waiting,APP.Queue,0.1830
Number Waiting,BD.Queue,0.2064
Number Waiting,CONSULTAR.Queue,0.1764
Number Waiting,LOGIN.Queue,0.3570
Instantaneous Utilization,ResourceAlterar,0.2075
Instantaneous Utilization,ResourceApp,0.3822
Instantaneous Utilization,ResourceBD,0.3793
Instantaneous Utilization,ResourceConsultar,0.3220
Instantaneous Utilization,ResourceLogin,0.4356
Waiting Time,ALTERAR.Queue,0.1783
Waiting Time,APP.Queue,0.3690
Waiting Time,BD.Queue,0.3321
Waiting Time,CONSULTAR.Queue,0.3725
Waiting Time,LOGIN.Queue,0.5082
Number Waiting,ALTERAR.Queue,0.05669809
Number Waiting,APP.Queue,0.2900
Number Waiting,BD.Queue,0.2823
Number Waiting,CONSULTAR.Queue,0.1985
Number Waiting,LOGIN.Queue,0.3994
Instantaneous Utilization,ResourceAlterar,0.2283
Instantaneous Utilization,ResourceApp,0.4137
Instantaneous Utilization,ResourceBD,0.4036
Instantaneous Utilization,ResourceConsultar,0.3486
Instantaneous Utilization,ResourceLogin,0.4696
Waiting Time,ALTERAR.Queue,0.2284
Waiting Time,APP.Queue,0.1961
Waiting Time,BD.Queue,0.3000
Waiting Time,CONSULTAR.Queue,0.2834
Waiting Time,LOGIN.Queue,0.3448
Number Waiting,ALTERAR.Queue,0.06921405
Number Waiting,APP.Queue,0.1368
Number Waiting,BD.Queue,0.2289
Number Waiting,CONSULTAR.Queue,0.1304
Number Waiting,LOGIN.Queue,0.2406
Instantaneous Utilization,ResourceAlterar,0.2240
Instantaneous Utilization,ResourceApp,0.3259
Instantaneous Utilization,ResourceBD,0.3784
Instantaneous Utilization,ResourceConsultar,0.3084
Instantaneous Utilization,ResourceLogin,0.4105
Waiting Time,ALTERAR.Queue,0.1808
Waiting Time,APP.Queue,0.3521
Waiting Time,BD.Queue,0.1972
Waiting Time,CONSULTAR.Queue,0.3266
Waiting Time,LOGIN.Queue,0.3491
Number Waiting,ALTERAR.Queue,0.05694418
Number Waiting,APP.Queue,0.2496
Number Waiting,BD.Queue,0.1499
Number Waiting,CONSULTAR.Queue,0.1457
Number Waiting,LOGIN.Queue,0.2487
Instantaneous Utilization,ResourceAlterar,0.2084
Instantaneous Utilization,ResourceApp,0.3841
Instantaneous Utilization,ResourceBD,0.3429
Instantaneous Utilization,ResourceConsultar,0.3207
Instantaneous Utilization,ResourceLogin,0.4155
Waiting Time,ALTERAR.Queue,0.1851
Waiting Time,APP.Queue,0.3677
Waiting Time,BD.Queue,0.2689
Waiting Time,CONSULTAR.Queue,0.4301
Waiting Time,LOGIN.Queue,0.3972
Number Waiting,ALTERAR.Queue,0.06035493
Number Waiting,APP.Queue,0.2813
Number Waiting,BD.Queue,0.2237
Number Waiting,CONSULTAR.Queue,0.2176
Number Waiting,LOGIN.Queue,0.3035
Instantaneous Utilization,ResourceAlterar,0.2312
Instantaneous Utilization,ResourceApp,0.3942
Instantaneous Utilization,ResourceBD,0.4006
Instantaneous Utilization,ResourceConsultar,0.3597
Instantaneous Utilization,ResourceLogin,0.4466
Waiting Time,ALTERAR.Queue,0.1756
Waiting Time,APP.Queue,0.3597
Waiting Time,BD.Queue,0.3459
Waiting Time,CONSULTAR.Queue,0.3022
Waiting Time,LOGIN.Queue,0.4236
Number Waiting,ALTERAR.Queue,0.05846686
Number Waiting,APP.Queue,0.2769
Number Waiting,BD.Queue,0.2905
Number Waiting,CONSULTAR.Queue,0.1550
Number Waiting,LOGIN.Queue,0.3261
Instantaneous Utilization,ResourceAlterar,0.2268
Instantaneous Utilization,ResourceApp,0.4013
Instantaneous Utilization,ResourceBD,0.4164
Instantaneous Utilization,ResourceConsultar,0.3206
Instantaneous Utilization,ResourceLogin,0.4568
Waiting Time,ALTERAR.Queue,0.2096
Waiting Time,APP.Queue,0.3897
Waiting Time,BD.Queue,0.3573
Waiting Time,CONSULTAR.Queue,0.2936
Waiting Time,LOGIN.Queue,0.4267
Number Waiting,ALTERAR.Queue,0.07378885
Number Waiting,APP.Queue,0.3098
Number Waiting,BD.Queue,0.3055
Number Waiting,CONSULTAR.Queue,0.1477
Number Waiting,LOGIN.Queue,0.3392
Instantaneous Utilization,ResourceAlterar,0.2324
Instantaneous Utilization,ResourceApp,0.4108
Instantaneous Utilization,ResourceBD,0.4093
Instantaneous Utilization,ResourceConsultar,0.3302
Instantaneous Utilization,ResourceLogin,0.4751
Waiting Time,ALTERAR.Queue,0.2118
Waiting Time,APP.Queue,0.4116
Waiting Time,BD.Queue,0.3257
Waiting Time,CONSULTAR.Queue,0.3653
Waiting Time,LOGIN.Queue,0.4639
Number Waiting,ALTERAR.Queue,0.06968764
Number Waiting,APP.Queue,0.3124
Number Waiting,BD.Queue,0.2726
Number Waiting,CONSULTAR.Queue,0.1859
Number Waiting,LOGIN.Queue,0.3521
Instantaneous Utilization,ResourceAlterar,0.2294
Instantaneous Utilization,ResourceApp,0.4108
Instantaneous Utilization,ResourceBD,0.3999
Instantaneous Utilization,ResourceConsultar,0.3458
Instantaneous Utilization,ResourceLogin,0.4452
Waiting Time,ALTERAR.Queue,0.2501
Waiting Time,APP.Queue,0.3862
Waiting Time,BD.Queue,0.2912
Waiting Time,CONSULTAR.Queue,0.1943
Waiting Time,LOGIN.Queue,0.7307
Number Waiting,ALTERAR.Queue,0.08704084
Number Waiting,APP.Queue,0.2935
Number Waiting,BD.Queue,0.2358
Number Waiting,CONSULTAR.Queue,0.08955772
Number Waiting,LOGIN.Queue,0.5553
Instantaneous Utilization,ResourceAlterar,0.2440
Instantaneous Utilization,ResourceApp,0.4012
Instantaneous Utilization,ResourceBD,0.3784
Instantaneous Utilization,ResourceConsultar,0.2872
Instantaneous Utilization,ResourceLogin,0.4431
Waiting Time,ALTERAR.Queue,0.2215
Waiting Time,APP.Queue,0.3360
Waiting Time,BD.Queue,0.3631
Waiting Time,CONSULTAR.Queue,0.3695
Waiting Time,LOGIN.Queue,0.6364
Number Waiting,ALTERAR.Queue,0.07176423
Number Waiting,APP.Queue,0.2641
Number Waiting,BD.Queue,0.3094
Number Waiting,CONSULTAR.Queue,0.1951
Number Waiting,LOGIN.Queue,0.5002
Instantaneous Utilization,ResourceAlterar,0.2287
Instantaneous Utilization,ResourceApp,0.4181
Instantaneous Utilization,ResourceBD,0.4182
Instantaneous Utilization,ResourceConsultar,0.3362
Instantaneous Utilization,ResourceLogin,0.4654
Waiting Time,ALTERAR.Queue,0.1979
Waiting Time,APP.Queue,0.3763
Waiting Time,BD.Queue,0.2914
Waiting Time,CONSULTAR.Queue,0.2328
Waiting Time,LOGIN.Queue,0.3574
Number Waiting,ALTERAR.Queue,0.06392750
Number Waiting,APP.Queue,0.2758
Number Waiting,BD.Queue,0.2275
Number Waiting,CONSULTAR.Queue,0.1059
Number Waiting,LOGIN.Queue,0.2620
Instantaneous Utilization,ResourceAlterar,0.2103
Instantaneous Utilization,ResourceApp,0.3607
Instantaneous Utilization,ResourceBD,0.3801
Instantaneous Utilization,ResourceConsultar,0.2937
Instantaneous Utilization,ResourceLogin,0.4005
Waiting Time,ALTERAR.Queue,0.1931
Waiting Time,APP.Queue,0.3342
Waiting Time,BD.Queue,0.3268
Waiting Time,CONSULTAR.Queue,0.4941
Waiting Time,LOGIN.Queue,0.5451
Number Waiting,ALTERAR.Queue,0.06411629
Number Waiting,APP.Queue,0.2564
Number Waiting,BD.Queue,0.2710
Number Waiting,CONSULTAR.Queue,0.2461
Number Waiting,LOGIN.Queue,0.4170
Instantaneous Utilization,ResourceAlterar,0.2317
Instantaneous Utilization,ResourceApp,0.4049
Instantaneous Utilization,ResourceBD,0.3984
Instantaneous Utilization,ResourceConsultar,0.3243
Instantaneous Utilization,ResourceLogin,0.4502
Waiting Time,ALTERAR.Queue,0.1412
Waiting Time,APP.Queue,0.3569
Waiting Time,BD.Queue,0.2852
Waiting Time,CONSULTAR.Queue,0.3863
Waiting Time,LOGIN.Queue,0.3995
Number Waiting,ALTERAR.Queue,0.04843888
Number Waiting,APP.Queue,0.2756
Number Waiting,BD.Queue,0.2379
Number Waiting,CONSULTAR.Queue,0.1897
Number Waiting,LOGIN.Queue,0.3080
Instantaneous Utilization,ResourceAlterar,0.2261
Instantaneous Utilization,ResourceApp,0.4097
Instantaneous Utilization,ResourceBD,0.3967
Instantaneous Utilization,ResourceConsultar,0.3015
Instantaneous Utilization,ResourceLogin,0.4610
Waiting Time,ALTERAR.Queue,0.2494
Waiting Time,APP.Queue,0.2994
Waiting Time,BD.Queue,0.2059
Waiting Time,CONSULTAR.Queue,0.2946
Waiting Time,LOGIN.Queue,0.4399
Number Waiting,ALTERAR.Queue,0.07732113
Number Waiting,APP.Queue,0.2048
Number Waiting,BD.Queue,0.1540
Number Waiting,CONSULTAR.Queue,0.1293
Number Waiting,LOGIN.Queue,0.3009
Instantaneous Utilization,ResourceAlterar,0.2305
Instantaneous Utilization,ResourceApp,0.3665
Instantaneous Utilization,ResourceBD,0.3486
Instantaneous Utilization,ResourceConsultar,0.2896
Instantaneous Utilization,ResourceLogin,0.4050
Waiting Time,ALTERAR.Queue,0.2332
Waiting Time,APP.Queue,0.3150
Waiting Time,BD.Queue,0.2377
Waiting Time,CONSULTAR.Queue,0.3938
Waiting Time,LOGIN.Queue,0.5528
Number Waiting,ALTERAR.Queue,0.07206141
Number Waiting,APP.Queue,0.2369
Number Waiting,BD.Queue,0.1927
Number Waiting,CONSULTAR.Queue,0.1981
Number Waiting,LOGIN.Queue,0.4157
Instantaneous Utilization,ResourceAlterar,0.2158
Instantaneous Utilization,ResourceApp,0.3942
Instantaneous Utilization,ResourceBD,0.3674
Instantaneous Utilization,ResourceConsultar,0.3470
Instantaneous Utilization,ResourceLogin,0.4645
Waiting Time,ALTERAR.Queue,0.1984
Waiting Time,APP.Queue,0.3303
Waiting Time,BD.Queue,0.2400
Waiting Time,CONSULTAR.Queue,0.2600
Waiting Time,LOGIN.Queue,0.3545
Number Waiting,ALTERAR.Queue,0.06208869
Number Waiting,APP.Queue,0.2417
Number Waiting,BD.Queue,0.1894
Number Waiting,CONSULTAR.Queue,0.1238
Number Waiting,LOGIN.Queue,0.2591
Instantaneous Utilization,ResourceAlterar,0.2305
Instantaneous Utilization,ResourceApp,0.4054
Instantaneous Utilization,ResourceBD,0.3801
Instantaneous Utilization,ResourceConsultar,0.3166
Instantaneous Utilization,ResourceLogin,0.4253
Waiting Time,ALTERAR.Queue,0.2511
Waiting Time,APP.Queue,0.3303
Waiting Time,BD.Queue,0.2555
Waiting Time,CONSULTAR.Queue,0.2475
Waiting Time,LOGIN.Queue,0.5665
Number Waiting,ALTERAR.Queue,0.07634479
Number Waiting,APP.Queue,0.2368
Number Waiting,BD.Queue,0.1970
Number Waiting,CONSULTAR.Queue,0.1156
Number Waiting,LOGIN.Queue,0.4062
Instantaneous Utilization,ResourceAlterar,0.2175
Instantaneous Utilization,ResourceApp,0.3702
Instantaneous Utilization,ResourceBD,0.3545
Instantaneous Utilization,ResourceConsultar,0.3085
Instantaneous Utilization,ResourceLogin,0.4512
Waiting Time,ALTERAR.Queue,0.2793
Waiting Time,APP.Queue,0.3237
Waiting Time,BD.Queue,0.3307
Waiting Time,CONSULTAR.Queue,0.3484
Waiting Time,LOGIN.Queue,0.4826
Number Waiting,ALTERAR.Queue,0.0995
Number Waiting,APP.Queue,0.2519
Number Waiting,BD.Queue,0.2808
Number Waiting,CONSULTAR.Queue,0.1735
Number Waiting,LOGIN.Queue,0.3752
Instantaneous Utilization,ResourceAlterar,0.2558
Instantaneous Utilization,ResourceApp,0.4193
Instantaneous Utilization,ResourceBD,0.4153
Instantaneous Utilization,ResourceConsultar,0.3377
Instantaneous Utilization,ResourceLogin,0.4563
Waiting Time,ALTERAR.Queue,0.1834
Waiting Time,APP.Queue,0.3139
Waiting Time,BD.Queue,0.2529
Waiting Time,CONSULTAR.Queue,0.3415
Waiting Time,LOGIN.Queue,0.6084
Number Waiting,ALTERAR.Queue,0.06527603
Number Waiting,APP.Queue,0.2398
Number Waiting,BD.Queue,0.2070
Number Waiting,CONSULTAR.Queue,0.1581
Number Waiting,LOGIN.Queue,0.4648
Instantaneous Utilization,ResourceAlterar,0.2518
Instantaneous Utilization,ResourceApp,0.3898
Instantaneous Utilization,ResourceBD,0.3890
Instantaneous Utilization,ResourceConsultar,0.3155
Instantaneous Utilization,ResourceLogin,0.4628
Waiting Time,ALTERAR.Queue,0.2053
Waiting Time,APP.Queue,0.2835
Waiting Time,BD.Queue,0.2906
Waiting Time,CONSULTAR.Queue,0.3031
Waiting Time,LOGIN.Queue,0.4207
Number Waiting,ALTERAR.Queue,0.06158558
Number Waiting,APP.Queue,0.2030
Number Waiting,BD.Queue,0.2238
Number Waiting,CONSULTAR.Queue,0.1425
Number Waiting,LOGIN.Queue,0.3011
Instantaneous Utilization,ResourceAlterar,0.2240
Instantaneous Utilization,ResourceApp,0.3625
Instantaneous Utilization,ResourceBD,0.3631
Instantaneous Utilization,ResourceConsultar,0.3297
Instantaneous Utilization,ResourceLogin,0.4166
Waiting Time,ALTERAR.Queue,0.1990
Waiting Time,APP.Queue,0.2895
Waiting Time,BD.Queue,0.3312
Waiting Time,CONSULTAR.Queue,0.3298
Waiting Time,LOGIN.Queue,0.5445
Number Waiting,ALTERAR.Queue,0.06885781
Number Waiting,APP.Queue,0.2197
Number Waiting,BD.Queue,0.2746
Number Waiting,CONSULTAR.Queue,0.1593
Number Waiting,LOGIN.Queue,0.4127
Instantaneous Utilization,ResourceAlterar,0.2336
Instantaneous Utilization,ResourceApp,0.4016
Instantaneous Utilization,ResourceBD,0.3705
Instantaneous Utilization,ResourceConsultar,0.3251
Instantaneous Utilization,ResourceLogin,0.4428
Waiting Time,ALTERAR.Queue,0.2407
Waiting Time,APP.Queue,0.3197
Waiting Time,BD.Queue,0.3535
Waiting Time,CONSULTAR.Queue,0.3159
Waiting Time,LOGIN.Queue,0.4604
Number Waiting,ALTERAR.Queue,0.08328338
Number Waiting,APP.Queue,0.2417
Number Waiting,BD.Queue,0.2902
Number Waiting,CONSULTAR.Queue,0.1514
Number Waiting,LOGIN.Queue,0.3481
Instantaneous Utilization,ResourceAlterar,0.2617
Instantaneous Utilization,ResourceApp,0.3980
Instantaneous Utilization,ResourceBD,0.4097
Instantaneous Utilization,ResourceConsultar,0.3214
Instantaneous Utilization,ResourceLogin,0.4678
Waiting Time,ALTERAR.Queue,0.2297
Waiting Time,APP.Queue,0.3805
Waiting Time,BD.Queue,0.2493
Waiting Time,CONSULTAR.Queue,0.3494
Waiting Time,LOGIN.Queue,0.3483
Number Waiting,ALTERAR.Queue,0.06937296
Number Waiting,APP.Queue,0.2671
Number Waiting,BD.Queue,0.1907
Number Waiting,CONSULTAR.Queue,0.1625
Number Waiting,LOGIN.Queue,0.2445
Instantaneous Utilization,ResourceAlterar,0.2056
Instantaneous Utilization,ResourceApp,0.3999
Instantaneous Utilization,ResourceBD,0.3729
Instantaneous Utilization,ResourceConsultar,0.3271
Instantaneous Utilization,ResourceLogin,0.4009
Waiting Time,ALTERAR.Queue,0.2299
Waiting Time,APP.Queue,0.3170
Waiting Time,BD.Queue,0.3391
Waiting Time,CONSULTAR.Queue,0.3312
Waiting Time,LOGIN.Queue,0.4953
Number Waiting,ALTERAR.Queue,0.06643566
Number Waiting,APP.Queue,0.2304
Number Waiting,BD.Queue,0.2672
Number Waiting,CONSULTAR.Queue,0.1660
Number Waiting,LOGIN.Queue,0.3601
Instantaneous Utilization,ResourceAlterar,0.2043
Instantaneous Utilization,ResourceApp,0.3801
Instantaneous Utilization,ResourceBD,0.3743
Instantaneous Utilization,ResourceConsultar,0.3130
Instantaneous Utilization,ResourceLogin,0.4282
Waiting Time,ALTERAR.Queue,0.1862
Waiting Time,APP.Queue,0.3072
Waiting Time,BD.Queue,0.4615
Waiting Time,CONSULTAR.Queue,0.2628
Waiting Time,LOGIN.Queue,0.3367
Number Waiting,ALTERAR.Queue,0.05903384
Number Waiting,APP.Queue,0.2255
Number Waiting,BD.Queue,0.3674
Number Waiting,CONSULTAR.Queue,0.1261
Number Waiting,LOGIN.Queue,0.2471
Instantaneous Utilization,ResourceAlterar,0.2082
Instantaneous Utilization,ResourceApp,0.3637
Instantaneous Utilization,ResourceBD,0.3851
Instantaneous Utilization,ResourceConsultar,0.3126
Instantaneous Utilization,ResourceLogin,0.4189
Waiting Time,ALTERAR.Queue,0.2203
Waiting Time,APP.Queue,0.3075
Waiting Time,BD.Queue,0.2419
Waiting Time,CONSULTAR.Queue,0.3661
Waiting Time,LOGIN.Queue,0.5678
Number Waiting,ALTERAR.Queue,0.07094654
Number Waiting,APP.Queue,0.2328
Number Waiting,BD.Queue,0.2005
Number Waiting,CONSULTAR.Queue,0.1856
Number Waiting,LOGIN.Queue,0.4298
Instantaneous Utilization,ResourceAlterar,0.2254
Instantaneous Utilization,ResourceApp,0.3636
Instantaneous Utilization,ResourceBD,0.3939
Instantaneous Utilization,ResourceConsultar,0.3508
Instantaneous Utilization,ResourceLogin,0.4577
Waiting Time,ALTERAR.Queue,0.1570
Waiting Time,APP.Queue,0.3768
Waiting Time,BD.Queue,0.3020
Waiting Time,CONSULTAR.Queue,0.2905
Waiting Time,LOGIN.Queue,0.3689
Number Waiting,ALTERAR.Queue,0.04851999
Number Waiting,APP.Queue,0.2773
Number Waiting,BD.Queue,0.2386
Number Waiting,CONSULTAR.Queue,0.1397
Number Waiting,LOGIN.Queue,0.2715
Instantaneous Utilization,ResourceAlterar,0.2113
Instantaneous Utilization,ResourceApp,0.4185
Instantaneous Utilization,ResourceBD,0.3794
Instantaneous Utilization,ResourceConsultar,0.3155
Instantaneous Utilization,ResourceLogin,0.3970
Waiting Time,ALTERAR.Queue,0.1897
Waiting Time,APP.Queue,0.2622
Waiting Time,BD.Queue,0.2931
Waiting Time,CONSULTAR.Queue,0.2747
Waiting Time,LOGIN.Queue,0.4823
Number Waiting,ALTERAR.Queue,0.05938425
Number Waiting,APP.Queue,0.2066
Number Waiting,BD.Queue,0.2454
Number Waiting,CONSULTAR.Queue,0.1442
Number Waiting,LOGIN.Queue,0.3800
Instantaneous Utilization,ResourceAlterar,0.2374
Instantaneous Utilization,ResourceApp,0.3775
Instantaneous Utilization,ResourceBD,0.4072
Instantaneous Utilization,ResourceConsultar,0.3568
Instantaneous Utilization,ResourceLogin,0.4699
Waiting Time,ALTERAR.Queue,0.2780
Waiting Time,APP.Queue,0.3861
Waiting Time,BD.Queue,0.3212
Waiting Time,CONSULTAR.Queue,0.3362
Waiting Time,LOGIN.Queue,0.4440
Number Waiting,ALTERAR.Queue,0.0915
Number Waiting,APP.Queue,0.2915
Number Waiting,BD.Queue,0.2640
Number Waiting,CONSULTAR.Queue,0.1664
Number Waiting,LOGIN.Queue,0.3348
Instantaneous Utilization,ResourceAlterar,0.2265
Instantaneous Utilization,ResourceApp,0.4009
Instantaneous Utilization,ResourceBD,0.3991
Instantaneous Utilization,ResourceConsultar,0.3310
Instantaneous Utilization,ResourceLogin,0.4116
Waiting Time,ALTERAR.Queue,0.2740
Waiting Time,APP.Queue,0.3644
Waiting Time,BD.Queue,0.3163
Waiting Time,CONSULTAR.Queue,0.3644
Waiting Time,LOGIN.Queue,0.4244
Number Waiting,ALTERAR.Queue,0.0981
Number Waiting,APP.Queue,0.2766
Number Waiting,BD.Queue,0.2650
Number Waiting,CONSULTAR.Queue,0.1749
Number Waiting,LOGIN.Queue,0.3221
Instantaneous Utilization,ResourceAlterar,0.2607
Instantaneous Utilization,ResourceApp,0.3952
Instantaneous Utilization,ResourceBD,0.4069
Instantaneous Utilization,ResourceConsultar,0.3193
Instantaneous Utilization,ResourceLogin,0.4657
Waiting Time,ALTERAR.Queue,0.1594
Waiting Time,APP.Queue,0.3756
Waiting Time,BD.Queue,0.2992
Waiting Time,CONSULTAR.Queue,0.2183
Waiting Time,LOGIN.Queue,0.4906
Number Waiting,ALTERAR.Queue,0.05339483
Number Waiting,APP.Queue,0.2817
Number Waiting,BD.Queue,0.2418
Number Waiting,CONSULTAR.Queue,0.1033
Number Waiting,LOGIN.Queue,0.3679
Instantaneous Utilization,ResourceAlterar,0.2214
Instantaneous Utilization,ResourceApp,0.3943
Instantaneous Utilization,ResourceBD,0.3796
Instantaneous Utilization,ResourceConsultar,0.2789
Instantaneous Utilization,ResourceLogin,0.4103
Waiting Time,ALTERAR.Queue,0.2945
Waiting Time,APP.Queue,0.2636
Waiting Time,BD.Queue,0.3117
Waiting Time,CONSULTAR.Queue,0.4226
Waiting Time,LOGIN.Queue,0.4451
Number Waiting,ALTERAR.Queue,0.0975
Number Waiting,APP.Queue,0.2067
Number Waiting,BD.Queue,0.2681
Number Waiting,CONSULTAR.Queue,0.2236
Number Waiting,LOGIN.Queue,0.3485
Instantaneous Utilization,ResourceAlterar,0.2371
Instantaneous Utilization,ResourceApp,0.3857
Instantaneous Utilization,ResourceBD,0.4181
Instantaneous Utilization,ResourceConsultar,0.3725
Instantaneous Utilization,ResourceLogin,0.4607
Waiting Time,ALTERAR.Queue,0.1842
Waiting Time,APP.Queue,0.3355
Waiting Time,BD.Queue,0.2444
Waiting Time,CONSULTAR.Queue,0.2695
Waiting Time,LOGIN.Queue,0.3933
Number Waiting,ALTERAR.Queue,0.05545612
Number Waiting,APP.Queue,0.2389
Number Waiting,BD.Queue,0.1897
Number Waiting,CONSULTAR.Queue,0.1303
Number Waiting,LOGIN.Queue,0.2796
Instantaneous Utilization,ResourceAlterar,0.2172
Instantaneous Utilization,ResourceApp,0.3851
Instantaneous Utilization,ResourceBD,0.3673
Instantaneous Utilization,ResourceConsultar,0.2959
Instantaneous Utilization,ResourceLogin,0.4195
Waiting Time,ALTERAR.Queue,0.2270
Waiting Time,APP.Queue,0.4031
Waiting Time,BD.Queue,0.3080
Waiting Time,CONSULTAR.Queue,0.2630
Waiting Time,LOGIN.Queue,0.4436
Number Waiting,ALTERAR.Queue,0.07468807
Number Waiting,APP.Queue,0.3132
Number Waiting,BD.Queue,0.2592
Number Waiting,CONSULTAR.Queue,0.1331
Number Waiting,LOGIN.Queue,0.3453
Instantaneous Utilization,ResourceAlterar,0.2287
Instantaneous Utilization,ResourceApp,0.4206
Instantaneous Utilization,ResourceBD,0.3916
Instantaneous Utilization,ResourceConsultar,0.3282
Instantaneous Utilization,ResourceLogin,0.4577
Waiting Time,ALTERAR.Queue,0.1083
Waiting Time,APP.Queue,0.2734
Waiting Time,BD.Queue,0.2048
Waiting Time,CONSULTAR.Queue,0.3721
Waiting Time,LOGIN.Queue,0.5168
Number Waiting,ALTERAR.Queue,0.03358470
Number Waiting,APP.Queue,0.2015
Number Waiting,BD.Queue,0.1622
Number Waiting,CONSULTAR.Queue,0.1794
Number Waiting,LOGIN.Queue,0.3798
Instantaneous Utilization,ResourceAlterar,0.2074
Instantaneous Utilization,ResourceApp,0.3796
Instantaneous Utilization,ResourceBD,0.3462
Instantaneous Utilization,ResourceConsultar,0.3320
Instantaneous Utilization,ResourceLogin,0.4295
Waiting Time,ALTERAR.Queue,0.1711
Waiting Time,APP.Queue,0.4347
Waiting Time,BD.Queue,0.2685
Waiting Time,CONSULTAR.Queue,0.3608
Waiting Time,LOGIN.Queue,0.3810
Number Waiting,ALTERAR.Queue,0.05457537
Number Waiting,APP.Queue,0.3226
Number Waiting,BD.Queue,0.2164
Number Waiting,CONSULTAR.Queue,0.1757
Number Waiting,LOGIN.Queue,0.2827
Instantaneous Utilization,ResourceAlterar,0.2033
Instantaneous Utilization,ResourceApp,0.3917
Instantaneous Utilization,ResourceBD,0.4069
Instantaneous Utilization,ResourceConsultar,0.3637
Instantaneous Utilization,ResourceLogin,0.4156
Waiting Time,ALTERAR.Queue,0.1427
Waiting Time,APP.Queue,0.2801
Waiting Time,BD.Queue,0.1892
Waiting Time,CONSULTAR.Queue,0.2045
Waiting Time,LOGIN.Queue,0.4351
Number Waiting,ALTERAR.Queue,0.04579138
Number Waiting,APP.Queue,0.1992
Number Waiting,BD.Queue,0.1455
Number Waiting,CONSULTAR.Queue,0.0916
Number Waiting,LOGIN.Queue,0.3094
Instantaneous Utilization,ResourceAlterar,0.2301
Instantaneous Utilization,ResourceApp,0.3682
Instantaneous Utilization,ResourceBD,0.3295
Instantaneous Utilization,ResourceConsultar,0.2806
Instantaneous Utilization,ResourceLogin,0.4301
Waiting Time,ALTERAR.Queue,0.3947
Waiting Time,APP.Queue,0.3479
Waiting Time,BD.Queue,0.2968
Waiting Time,CONSULTAR.Queue,0.3083
Waiting Time,LOGIN.Queue,0.5088
Number Waiting,ALTERAR.Queue,0.1196
Number Waiting,APP.Queue,0.2491
Number Waiting,BD.Queue,0.2309
Number Waiting,CONSULTAR.Queue,0.1468
Number Waiting,LOGIN.Queue,0.3643
Instantaneous Utilization,ResourceAlterar,0.2417
Instantaneous Utilization,ResourceApp,0.3525
Instantaneous Utilization,ResourceBD,0.3652
Instantaneous Utilization,ResourceConsultar,0.3322
Instantaneous Utilization,ResourceLogin,0.4223
Waiting Time,ALTERAR.Queue,0.1478
Waiting Time,APP.Queue,0.4215
Waiting Time,BD.Queue,0.2393
Waiting Time,CONSULTAR.Queue,0.2942
Waiting Time,LOGIN.Queue,0.4736
Number Waiting,ALTERAR.Queue,0.04213476
Number Waiting,APP.Queue,0.2904
Number Waiting,BD.Queue,0.1780
Number Waiting,CONSULTAR.Queue,0.1353
Number Waiting,LOGIN.Queue,0.3299
Instantaneous Utilization,ResourceAlterar,0.1868
Instantaneous Utilization,ResourceApp,0.3604
Instantaneous Utilization,ResourceBD,0.3513
Instantaneous Utilization,ResourceConsultar,0.3014
Instantaneous Utilization,ResourceLogin,0.4156
Waiting Time,ALTERAR.Queue,0.2106
Waiting Time,APP.Queue,0.4001
Waiting Time,BD.Queue,0.2945
Waiting Time,CONSULTAR.Queue,0.2711
Waiting Time,LOGIN.Queue,0.4684
Number Waiting,ALTERAR.Queue,0.06738441
Number Waiting,APP.Queue,0.2881
Number Waiting,BD.Queue,0.2324
Number Waiting,CONSULTAR.Queue,0.1272
Number Waiting,LOGIN.Queue,0.3372
Instantaneous Utilization,ResourceAlterar,0.2342
Instantaneous Utilization,ResourceApp,0.3931
Instantaneous Utilization,ResourceBD,0.3763
Instantaneous Utilization,ResourceConsultar,0.2943
Instantaneous Utilization,ResourceLogin,0.4418
Waiting Time,ALTERAR.Queue,0.1897
Waiting Time,APP.Queue,0.3206
Waiting Time,BD.Queue,0.2506
Waiting Time,CONSULTAR.Queue,0.4294
Waiting Time,LOGIN.Queue,0.4160
Number Waiting,ALTERAR.Queue,0.06252931
Number Waiting,APP.Queue,0.2356
Number Waiting,BD.Queue,0.2015
Number Waiting,CONSULTAR.Queue,0.2085
Number Waiting,LOGIN.Queue,0.3057
Instantaneous Utilization,ResourceAlterar,0.2258
Instantaneous Utilization,ResourceApp,0.3828
Instantaneous Utilization,ResourceBD,0.3692
Instantaneous Utilization,ResourceConsultar,0.3461
Instantaneous Utilization,ResourceLogin,0.4572
Waiting Time,ALTERAR.Queue,0.1497
Waiting Time,APP.Queue,0.3834
Waiting Time,BD.Queue,0.2067
Waiting Time,CONSULTAR.Queue,0.2803
Waiting Time,LOGIN.Queue,0.5138
Number Waiting,ALTERAR.Queue,0.04610719
Number Waiting,APP.Queue,0.2803
Number Waiting,BD.Queue,0.1650
Number Waiting,CONSULTAR.Queue,0.1373
Number Waiting,LOGIN.Queue,0.3750
Instantaneous Utilization,ResourceAlterar,0.2133
Instantaneous Utilization,ResourceApp,0.3810
Instantaneous Utilization,ResourceBD,0.3581
Instantaneous Utilization,ResourceConsultar,0.3366
Instantaneous Utilization,ResourceLogin,0.4346
Waiting Time,ALTERAR.Queue,0.2156
Waiting Time,APP.Queue,0.2335
Waiting Time,BD.Queue,0.2342
Waiting Time,CONSULTAR.Queue,0.2730
Waiting Time,LOGIN.Queue,0.3891
Number Waiting,ALTERAR.Queue,0.05843451
Number Waiting,APP.Queue,0.1586
Number Waiting,BD.Queue,0.1722
Number Waiting,CONSULTAR.Queue,0.1269
Number Waiting,LOGIN.Queue,0.2642
Instantaneous Utilization,ResourceAlterar,0.1955
Instantaneous Utilization,ResourceApp,0.3414
Instantaneous Utilization,ResourceBD,0.3444
Instantaneous Utilization,ResourceConsultar,0.3081
Instantaneous Utilization,ResourceLogin,0.4117
Waiting Time,ALTERAR.Queue,0.1828
Waiting Time,APP.Queue,0.2703
Waiting Time,BD.Queue,0.2781
Waiting Time,CONSULTAR.Queue,0.4375
Waiting Time,LOGIN.Queue,0.3856
Number Waiting,ALTERAR.Queue,0.05631445
Number Waiting,APP.Queue,0.1919
Number Waiting,BD.Queue,0.2169
Number Waiting,CONSULTAR.Queue,0.2070
Number Waiting,LOGIN.Queue,0.2738
Instantaneous Utilization,ResourceAlterar,0.2036
Instantaneous Utilization,ResourceApp,0.3894
Instantaneous Utilization,ResourceBD,0.3718
Instantaneous Utilization,ResourceConsultar,0.3299
Instantaneous Utilization,ResourceLogin,0.4394
Waiting Time,ALTERAR.Queue,0.1525
Waiting Time,APP.Queue,0.2774
Waiting Time,BD.Queue,0.2665
Waiting Time,CONSULTAR.Queue,0.2044
Waiting Time,LOGIN.Queue,0.4267
Number Waiting,ALTERAR.Queue,0.04967327
Number Waiting,APP.Queue,0.1981
Number Waiting,BD.Queue,0.2044
Number Waiting,CONSULTAR.Queue,0.0950
Number Waiting,LOGIN.Queue,0.3047
Instantaneous Utilization,ResourceAlterar,0.2184
Instantaneous Utilization,ResourceApp,0.3608
Instantaneous Utilization,ResourceBD,0.3593
Instantaneous Utilization,ResourceConsultar,0.2915
Instantaneous Utilization,ResourceLogin,0.4179
Waiting Time,ALTERAR.Queue,0.2116
Waiting Time,APP.Queue,0.3380
Waiting Time,BD.Queue,0.3254
Waiting Time,CONSULTAR.Queue,0.3384
Waiting Time,LOGIN.Queue,0.5125
Number Waiting,ALTERAR.Queue,0.06748603
Number Waiting,APP.Queue,0.2390
Number Waiting,BD.Queue,0.2499
Number Waiting,CONSULTAR.Queue,0.1532
Number Waiting,LOGIN.Queue,0.3624
Instantaneous Utilization,ResourceAlterar,0.2121
Instantaneous Utilization,ResourceApp,0.3753
Instantaneous Utilization,ResourceBD,0.3722
Instantaneous Utilization,ResourceConsultar,0.3212
Instantaneous Utilization,ResourceLogin,0.4185
Waiting Time,ALTERAR.Queue,0.2009
Waiting Time,APP.Queue,0.4007
Waiting Time,BD.Queue,0.2711
Waiting Time,CONSULTAR.Queue,0.3406
Waiting Time,LOGIN.Queue,0.4019
Number Waiting,ALTERAR.Queue,0.06689540
Number Waiting,APP.Queue,0.3074
Number Waiting,BD.Queue,0.2280
Number Waiting,CONSULTAR.Queue,0.1733
Number Waiting,LOGIN.Queue,0.3079
Instantaneous Utilization,ResourceAlterar,0.2314
Instantaneous Utilization,ResourceApp,0.4178
Instantaneous Utilization,ResourceBD,0.4130
Instantaneous Utilization,ResourceConsultar,0.3510
Instantaneous Utilization,ResourceLogin,0.4647
Waiting Time,ALTERAR.Queue,0.3146
Waiting Time,APP.Queue,0.3732
Waiting Time,BD.Queue,0.3607
Waiting Time,CONSULTAR.Queue,0.3511
Waiting Time,LOGIN.Queue,0.4836
Number Waiting,ALTERAR.Queue,0.0994
Number Waiting,APP.Queue,0.2975
Number Waiting,BD.Queue,0.3092
Number Waiting,CONSULTAR.Queue,0.1903
Number Waiting,LOGIN.Queue,0.3845
Instantaneous Utilization,ResourceAlterar,0.2399
Instantaneous Utilization,ResourceApp,0.4178
Instantaneous Utilization,ResourceBD,0.4229
Instantaneous Utilization,ResourceConsultar,0.3384
Instantaneous Utilization,ResourceLogin,0.4715
Waiting Time,ALTERAR.Queue,0.1974
Waiting Time,APP.Queue,0.3268
Waiting Time,BD.Queue,0.2653
Waiting Time,CONSULTAR.Queue,0.4637
Waiting Time,LOGIN.Queue,0.5296
Number Waiting,ALTERAR.Queue,0.06611365
Number Waiting,APP.Queue,0.2400
Number Waiting,BD.Queue,0.2075
Number Waiting,CONSULTAR.Queue,0.2084
Number Waiting,LOGIN.Queue,0.3839
Instantaneous Utilization,ResourceAlterar,0.2421
Instantaneous Utilization,ResourceApp,0.3866
Instantaneous Utilization,ResourceBD,0.3587
Instantaneous Utilization,ResourceConsultar,0.3249
Instantaneous Utilization,ResourceLogin,0.4436
Waiting Time,ALTERAR.Queue,0.1407
Waiting Time,APP.Queue,0.2704
Waiting Time,BD.Queue,0.2864
Waiting Time,CONSULTAR.Queue,0.2405
Waiting Time,LOGIN.Queue,0.3910
Number Waiting,ALTERAR.Queue,0.04276207
Number Waiting,APP.Queue,0.1868
Number Waiting,BD.Queue,0.2131
Number Waiting,CONSULTAR.Queue,0.1058
Number Waiting,LOGIN.Queue,0.2702
Instantaneous Utilization,ResourceAlterar,0.1963
Instantaneous Utilization,ResourceApp,0.3458
Instantaneous Utilization,ResourceBD,0.3628
Instantaneous Utilization,ResourceConsultar,0.2921
Instantaneous Utilization,ResourceLogin,0.3929
Waiting Time,ALTERAR.Queue,0.1738
Waiting Time,APP.Queue,0.2881
Waiting Time,BD.Queue,0.4136
Waiting Time,CONSULTAR.Queue,0.4064
Waiting Time,LOGIN.Queue,0.5386
Number Waiting,ALTERAR.Queue,0.05753238
Number Waiting,APP.Queue,0.2149
Number Waiting,BD.Queue,0.3433
Number Waiting,CONSULTAR.Queue,0.2028
Number Waiting,LOGIN.Queue,0.4018
Instantaneous Utilization,ResourceAlterar,0.2302
Instantaneous Utilization,ResourceApp,0.3801
Instantaneous Utilization,ResourceBD,0.4177
Instantaneous Utilization,ResourceConsultar,0.3466
Instantaneous Utilization,ResourceLogin,0.4362
Waiting Time,ALTERAR.Queue,0.2455
Waiting Time,APP.Queue,0.2741
Waiting Time,BD.Queue,0.2918
Waiting Time,CONSULTAR.Queue,0.4215
Waiting Time,LOGIN.Queue,0.6545
Number Waiting,ALTERAR.Queue,0.07636363
Number Waiting,APP.Queue,0.1957
Number Waiting,BD.Queue,0.2282
Number Waiting,CONSULTAR.Queue,0.1994
Number Waiting,LOGIN.Queue,0.4673
Instantaneous Utilization,ResourceAlterar,0.2129
Instantaneous Utilization,ResourceApp,0.3473
Instantaneous Utilization,ResourceBD,0.3747
Instantaneous Utilization,ResourceConsultar,0.3465
Instantaneous Utilization,ResourceLogin,0.4578
Waiting Time,ALTERAR.Queue,0.3026
Waiting Time,APP.Queue,0.3859
Waiting Time,BD.Queue,0.3271
Waiting Time,CONSULTAR.Queue,0.2997
Waiting Time,LOGIN.Queue,0.4676
Number Waiting,ALTERAR.Queue,0.0987
Number Waiting,APP.Queue,0.2921
Number Waiting,BD.Queue,0.2695
Number Waiting,CONSULTAR.Queue,0.1495
Number Waiting,LOGIN.Queue,0.3540
Instantaneous Utilization,ResourceAlterar,0.2471
Instantaneous Utilization,ResourceApp,0.4009
Instantaneous Utilization,ResourceBD,0.4037
Instantaneous Utilization,ResourceConsultar,0.3321
Instantaneous Utilization,ResourceLogin,0.4342
Waiting Time,ALTERAR.Queue,0.1825
Waiting Time,APP.Queue,0.4343
Waiting Time,BD.Queue,0.2670
Waiting Time,CONSULTAR.Queue,0.2889
Waiting Time,LOGIN.Queue,0.4290
Number Waiting,ALTERAR.Queue,0.06295137
Number Waiting,APP.Queue,0.3405
Number Waiting,BD.Queue,0.2233
Number Waiting,CONSULTAR.Queue,0.1424
Number Waiting,LOGIN.Queue,0.3369
Instantaneous Utilization,ResourceAlterar,0.2120
Instantaneous Utilization,ResourceApp,0.4154
Instantaneous Utilization,ResourceBD,0.3785
Instantaneous Utilization,ResourceConsultar,0.3160
Instantaneous Utilization,ResourceLogin,0.4423
Waiting Time,ALTERAR.Queue,0.1747
Waiting Time,APP.Queue,0.4190
Waiting Time,BD.Queue,0.2858
Waiting Time,CONSULTAR.Queue,0.4255
Waiting Time,LOGIN.Queue,0.4334
Number Waiting,ALTERAR.Queue,0.05764271
Number Waiting,APP.Queue,0.3201
Number Waiting,BD.Queue,0.2375
Number Waiting,CONSULTAR.Queue,0.2132
Number Waiting,LOGIN.Queue,0.3312
Instantaneous Utilization,ResourceAlterar,0.2336
Instantaneous Utilization,ResourceApp,0.4122
Instantaneous Utilization,ResourceBD,0.3875
Instantaneous Utilization,ResourceConsultar,0.3737
Instantaneous Utilization,ResourceLogin,0.4545
Waiting Time,ALTERAR.Queue,0.2567
Waiting Time,APP.Queue,0.3972
Waiting Time,BD.Queue,0.3340
Waiting Time,CONSULTAR.Queue,0.4192
Waiting Time,LOGIN.Queue,0.4573
Number Waiting,ALTERAR.Queue,0.08418246
Number Waiting,APP.Queue,0.2892
Number Waiting,BD.Queue,0.2637
Number Waiting,CONSULTAR.Queue,0.1942
Number Waiting,LOGIN.Queue,0.3329
Instantaneous Utilization,ResourceAlterar,0.2542
Instantaneous Utilization,ResourceApp,0.4023
Instantaneous Utilization,ResourceBD,0.3756
Instantaneous Utilization,ResourceConsultar,0.3216
Instantaneous Utilization,ResourceLogin,0.4283
Waiting Time,ALTERAR.Queue,0.1677
Waiting Time,APP.Queue,0.3640
Waiting Time,BD.Queue,0.2898
Waiting Time,CONSULTAR.Queue,0.4289
Waiting Time,LOGIN.Queue,0.4140
Number Waiting,ALTERAR.Queue,0.05181821
Number Waiting,APP.Queue,0.2581
Number Waiting,BD.Queue,0.2222
Number Waiting,CONSULTAR.Queue,0.1964
Number Waiting,LOGIN.Queue,0.2933
Instantaneous Utilization,ResourceAlterar,0.2155
Instantaneous Utilization,ResourceApp,0.3873
Instantaneous Utilization,ResourceBD,0.3708
Instantaneous Utilization,ResourceConsultar,0.3223
Instantaneous Utilization,ResourceLogin,0.4156
Waiting Time,ALTERAR.Queue,0.1776
Waiting Time,APP.Queue,0.4054
Waiting Time,BD.Queue,0.3711
Waiting Time,CONSULTAR.Queue,0.4578
Waiting Time,LOGIN.Queue,0.5309
Number Waiting,ALTERAR.Queue,0.05897032
Number Waiting,APP.Queue,0.2959
Number Waiting,BD.Queue,0.2939
Number Waiting,CONSULTAR.Queue,0.2106
Number Waiting,LOGIN.Queue,0.3870
Instantaneous Utilization,ResourceAlterar,0.2295
Instantaneous Utilization,ResourceApp,0.3939
Instantaneous Utilization,ResourceBD,0.3862
Instantaneous Utilization,ResourceConsultar,0.3045
Instantaneous Utilization,ResourceLogin,0.4638
Waiting Time,ALTERAR.Queue,0.1791
Waiting Time,APP.Queue,0.3115
Waiting Time,BD.Queue,0.2109
Waiting Time,CONSULTAR.Queue,0.2722
Waiting Time,LOGIN.Queue,0.3814
Number Waiting,ALTERAR.Queue,0.05534421
Number Waiting,APP.Queue,0.2196
Number Waiting,BD.Queue,0.1630
Number Waiting,CONSULTAR.Queue,0.1263
Number Waiting,LOGIN.Queue,0.2710
Instantaneous Utilization,ResourceAlterar,0.2258
Instantaneous Utilization,ResourceApp,0.3699
Instantaneous Utilization,ResourceBD,0.3682
Instantaneous Utilization,ResourceConsultar,0.3278
Instantaneous Utilization,ResourceLogin,0.4233
Waiting Time,ALTERAR.Queue,0.1185
Waiting Time,APP.Queue,0.3004
Waiting Time,BD.Queue,0.2275
Waiting Time,CONSULTAR.Queue,0.2262
Waiting Time,LOGIN.Queue,0.4265
Number Waiting,ALTERAR.Queue,0.03626697
Number Waiting,APP.Queue,0.2120
Number Waiting,BD.Queue,0.1713
Number Waiting,CONSULTAR.Queue,0.1013
Number Waiting,LOGIN.Queue,0.2999
Instantaneous Utilization,ResourceAlterar,0.2032
Instantaneous Utilization,ResourceApp,0.3883
Instantaneous Utilization,ResourceBD,0.3538
Instantaneous Utilization,ResourceConsultar,0.2871
Instantaneous Utilization,ResourceLogin,0.4226
Waiting Time,ALTERAR.Queue,0.1128
Waiting Time,APP.Queue,0.3549
Waiting Time,BD.Queue,0.3160
Waiting Time,CONSULTAR.Queue,0.3230
Waiting Time,LOGIN.Queue,0.4307
Number Waiting,ALTERAR.Queue,0.03215851
Number Waiting,APP.Queue,0.2570
Number Waiting,BD.Queue,0.2417
Number Waiting,CONSULTAR.Queue,0.1579
Number Waiting,LOGIN.Queue,0.3116
Instantaneous Utilization,ResourceAlterar,0.1885
Instantaneous Utilization,ResourceApp,0.3852
Instantaneous Utilization,ResourceBD,0.3639
Instantaneous Utilization,ResourceConsultar,0.3069
Instantaneous Utilization,ResourceLogin,0.4126
Waiting Time,ALTERAR.Queue,0.2182
Waiting Time,APP.Queue,0.3086
Waiting Time,BD.Queue,0.2649
Waiting Time,CONSULTAR.Queue,0.2571
Waiting Time,LOGIN.Queue,0.4937
Number Waiting,ALTERAR.Queue,0.07529477
Number Waiting,APP.Queue,0.2339
Number Waiting,BD.Queue,0.2159
Number Waiting,CONSULTAR.Queue,0.1211
Number Waiting,LOGIN.Queue,0.3738
Instantaneous Utilization,ResourceAlterar,0.2387
Instantaneous Utilization,ResourceApp,0.4032
Instantaneous Utilization,ResourceBD,0.3810
Instantaneous Utilization,ResourceConsultar,0.3102
Instantaneous Utilization,ResourceLogin,0.4457
Waiting Time,ALTERAR.Queue,0.2053
Waiting Time,APP.Queue,0.3310
Waiting Time,BD.Queue,0.3276
Waiting Time,CONSULTAR.Queue,0.3162
Waiting Time,LOGIN.Queue,0.5059
Number Waiting,ALTERAR.Queue,0.06219871
Number Waiting,APP.Queue,0.2433
Number Waiting,BD.Queue,0.2615
Number Waiting,CONSULTAR.Queue,0.1565
Number Waiting,LOGIN.Queue,0.3719
Instantaneous Utilization,ResourceAlterar,0.2194
Instantaneous Utilization,ResourceApp,0.4085
Instantaneous Utilization,ResourceBD,0.3914
Instantaneous Utilization,ResourceConsultar,0.2972
Instantaneous Utilization,ResourceLogin,0.4550
Waiting Time,ALTERAR.Queue,0.2421
Waiting Time,APP.Queue,0.3318
Waiting Time,BD.Queue,0.3508
Waiting Time,CONSULTAR.Queue,0.2624
Waiting Time,LOGIN.Queue,0.5970
Number Waiting,ALTERAR.Queue,0.08111556
Number Waiting,APP.Queue,0.2552
Number Waiting,BD.Queue,0.2902
Number Waiting,CONSULTAR.Queue,0.1294
Number Waiting,LOGIN.Queue,0.4585
Instantaneous Utilization,ResourceAlterar,0.2451
Instantaneous Utilization,ResourceApp,0.3923
Instantaneous Utilization,ResourceBD,0.4075
Instantaneous Utilization,ResourceConsultar,0.3094
Instantaneous Utilization,ResourceLogin,0.4769
Waiting Time,ALTERAR.Queue,0.2260
Waiting Time,APP.Queue,0.3439
Waiting Time,BD.Queue,0.2272
Waiting Time,CONSULTAR.Queue,0.2868
Waiting Time,LOGIN.Queue,0.4024
Number Waiting,ALTERAR.Queue,0.06326617
Number Waiting,APP.Queue,0.2324
Number Waiting,BD.Queue,0.1670
Number Waiting,CONSULTAR.Queue,0.1311
Number Waiting,LOGIN.Queue,0.2720
Instantaneous Utilization,ResourceAlterar,0.1990
Instantaneous Utilization,ResourceApp,0.3603
Instantaneous Utilization,ResourceBD,0.3490
Instantaneous Utilization,ResourceConsultar,0.2920
Instantaneous Utilization,ResourceLogin,0.4014
Waiting Time,ALTERAR.Queue,0.1783
Waiting Time,APP.Queue,0.4901
Waiting Time,BD.Queue,0.2578
Waiting Time,CONSULTAR.Queue,0.3246
Waiting Time,LOGIN.Queue,0.4674
Number Waiting,ALTERAR.Queue,0.05760350
Number Waiting,APP.Queue,0.3607
Number Waiting,BD.Queue,0.2027
Number Waiting,CONSULTAR.Queue,0.1506
Number Waiting,LOGIN.Queue,0.3430
Instantaneous Utilization,ResourceAlterar,0.2216
Instantaneous Utilization,ResourceApp,0.3985
Instantaneous Utilization,ResourceBD,0.3696
Instantaneous Utilization,ResourceConsultar,0.3042
Instantaneous Utilization,ResourceLogin,0.4174
Waiting Time,ALTERAR.Queue,0.1526
Waiting Time,APP.Queue,0.4246
Waiting Time,BD.Queue,0.4366
Waiting Time,CONSULTAR.Queue,0.4710
Waiting Time,LOGIN.Queue,0.4705
Number Waiting,ALTERAR.Queue,0.05125903
Number Waiting,APP.Queue,0.3355
Number Waiting,BD.Queue,0.3746
Number Waiting,CONSULTAR.Queue,0.2463
Number Waiting,LOGIN.Queue,0.3717
Instantaneous Utilization,ResourceAlterar,0.2231
Instantaneous Utilization,ResourceApp,0.4181
Instantaneous Utilization,ResourceBD,0.4350
Instantaneous Utilization,ResourceConsultar,0.3488
Instantaneous Utilization,ResourceLogin,0.4611
Waiting Time,ALTERAR.Queue,0.2225
Waiting Time,APP.Queue,0.3695
Waiting Time,BD.Queue,0.2503
Waiting Time,CONSULTAR.Queue,0.2071
Waiting Time,LOGIN.Queue,0.3249
Number Waiting,ALTERAR.Queue,0.06985233
Number Waiting,APP.Queue,0.2598
Number Waiting,BD.Queue,0.1963
Number Waiting,CONSULTAR.Queue,0.0973
Number Waiting,LOGIN.Queue,0.2281
Instantaneous Utilization,ResourceAlterar,0.2228
Instantaneous Utilization,ResourceApp,0.3872
Instantaneous Utilization,ResourceBD,0.3568
Instantaneous Utilization,ResourceConsultar,0.3146
Instantaneous Utilization,ResourceLogin,0.3881
Waiting Time,ALTERAR.Queue,0.1782
Waiting Time,APP.Queue,0.3106
Waiting Time,BD.Queue,0.2328
Waiting Time,CONSULTAR.Queue,0.3400
Waiting Time,LOGIN.Queue,0.3173
Number Waiting,ALTERAR.Queue,0.05131136
Number Waiting,APP.Queue,0.2221
Number Waiting,BD.Queue,0.1804
Number Waiting,CONSULTAR.Queue,0.1659
Number Waiting,LOGIN.Queue,0.2265
Instantaneous Utilization,ResourceAlterar,0.1974
Instantaneous Utilization,ResourceApp,0.3827
Instantaneous Utilization,ResourceBD,0.3787
Instantaneous Utilization,ResourceConsultar,0.3539
Instantaneous Utilization,ResourceLogin,0.3875
Waiting Time,ALTERAR.Queue,0.1795
Waiting Time,APP.Queue,0.2681
Waiting Time,BD.Queue,0.2535
Waiting Time,CONSULTAR.Queue,0.1910
Waiting Time,LOGIN.Queue,0.4208
Number Waiting,ALTERAR.Queue,0.05630925
Number Waiting,APP.Queue,0.1908
Number Waiting,BD.Queue,0.1934
Number Waiting,CONSULTAR.Queue,0.08749817
Number Waiting,LOGIN.Queue,0.2979
Instantaneous Utilization,ResourceAlterar,0.2326
Instantaneous Utilization,ResourceApp,0.3525
Instantaneous Utilization,ResourceBD,0.3688
Instantaneous Utilization,ResourceConsultar,0.2968
Instantaneous Utilization,ResourceLogin,0.4068
Waiting Time,ALTERAR.Queue,0.2572
Waiting Time,APP.Queue,0.5138
Waiting Time,BD.Queue,0.3129
Waiting Time,CONSULTAR.Queue,0.2912
Waiting Time,LOGIN.Queue,0.5624
Number Waiting,ALTERAR.Queue,0.0903
Number Waiting,APP.Queue,0.3895
Number Waiting,BD.Queue,0.2594
Number Waiting,CONSULTAR.Queue,0.1401
Number Waiting,LOGIN.Queue,0.4305
Instantaneous Utilization,ResourceAlterar,0.2591
Instantaneous Utilization,ResourceApp,0.4086
Instantaneous Utilization,ResourceBD,0.3899
Instantaneous Utilization,ResourceConsultar,0.3131
Instantaneous Utilization,ResourceLogin,0.4402
Waiting Time,ALTERAR.Queue,0.2536
Waiting Time,APP.Queue,0.4052
Waiting Time,BD.Queue,0.2455
Waiting Time,CONSULTAR.Queue,0.3683
Waiting Time,LOGIN.Queue,0.4782
Number Waiting,ALTERAR.Queue,0.08268591
Number Waiting,APP.Queue,0.3023
Number Waiting,BD.Queue,0.1976
Number Waiting,CONSULTAR.Queue,0.1764
Number Waiting,LOGIN.Queue,0.3567
Instantaneous Utilization,ResourceAlterar,0.2446
Instantaneous Utilization,ResourceApp,0.4120
Instantaneous Utilization,ResourceBD,0.3611
Instantaneous Utilization,ResourceConsultar,0.3183
Instantaneous Utilization,ResourceLogin,0.4381
Waiting Time,ALTERAR.Queue,0.2602
Waiting Time,APP.Queue,0.3151
Waiting Time,BD.Queue,0.3105
Waiting Time,CONSULTAR.Queue,0.3410
Waiting Time,LOGIN.Queue,0.6607
Number Waiting,ALTERAR.Queue,0.08821208
Number Waiting,APP.Queue,0.2303
Number Waiting,BD.Queue,0.2481
Number Waiting,CONSULTAR.Queue,0.1569
Number Waiting,LOGIN.Queue,0.4823
Instantaneous Utilization,ResourceAlterar,0.2595
Instantaneous Utilization,ResourceApp,0.3907
Instantaneous Utilization,ResourceBD,0.3858
Instantaneous Utilization,ResourceConsultar,0.2999
Instantaneous Utilization,ResourceLogin,0.4523
Waiting Time,ALTERAR.Queue,0.2004
Waiting Time,APP.Queue,0.2992
Waiting Time,BD.Queue,0.2946
Waiting Time,CONSULTAR.Queue,0.3301
Waiting Time,LOGIN.Queue,0.5334
Number Waiting,ALTERAR.Queue,0.06631718
Number Waiting,APP.Queue,0.2196
Number Waiting,BD.Queue,0.2404
Number Waiting,CONSULTAR.Queue,0.1601
Number Waiting,LOGIN.Queue,0.3915
Instantaneous Utilization,ResourceAlterar,0.2366
Instantaneous Utilization,ResourceApp,0.3832
Instantaneous Utilization,ResourceBD,0.3841
Instantaneous Utilization,ResourceConsultar,0.3462
Instantaneous Utilization,ResourceLogin,0.4347
Waiting Time,ALTERAR.Queue,0.1775
Waiting Time,APP.Queue,0.2654
Waiting Time,BD.Queue,0.3425
Waiting Time,CONSULTAR.Queue,0.3182
Waiting Time,LOGIN.Queue,0.3897
Number Waiting,ALTERAR.Queue,0.05556947
Number Waiting,APP.Queue,0.1953
Number Waiting,BD.Queue,0.2815
Number Waiting,CONSULTAR.Queue,0.1610
Number Waiting,LOGIN.Queue,0.2868
Instantaneous Utilization,ResourceAlterar,0.2193
Instantaneous Utilization,ResourceApp,0.3741
Instantaneous Utilization,ResourceBD,0.3962
Instantaneous Utilization,ResourceConsultar,0.3382
Instantaneous Utilization,ResourceLogin,0.4207
Waiting Time,ALTERAR.Queue,0.2253
Waiting Time,APP.Queue,0.5510
Waiting Time,BD.Queue,0.3600
Waiting Time,CONSULTAR.Queue,0.3006
Waiting Time,LOGIN.Queue,0.4069
Number Waiting,ALTERAR.Queue,0.07390465
Number Waiting,APP.Queue,0.4160
Number Waiting,BD.Queue,0.2916
Number Waiting,CONSULTAR.Queue,0.1458
Number Waiting,LOGIN.Queue,0.3072
Instantaneous Utilization,ResourceAlterar,0.2375
Instantaneous Utilization,ResourceApp,0.4145
Instantaneous Utilization,ResourceBD,0.3878
Instantaneous Utilization,ResourceConsultar,0.3297
Instantaneous Utilization,ResourceLogin,0.4469
Waiting Time,ALTERAR.Queue,0.2268
Waiting Time,APP.Queue,0.3343
Waiting Time,BD.Queue,0.3019
Waiting Time,CONSULTAR.Queue,0.3352
Waiting Time,LOGIN.Queue,0.4644
Number Waiting,ALTERAR.Queue,0.07438685
Number Waiting,APP.Queue,0.2517
Number Waiting,BD.Queue,0.2451
Number Waiting,CONSULTAR.Queue,0.1622
Number Waiting,LOGIN.Queue,0.3497
Instantaneous Utilization,ResourceAlterar,0.2326
Instantaneous Utilization,ResourceApp,0.3888
Instantaneous Utilization,ResourceBD,0.3714
Instantaneous Utilization,ResourceConsultar,0.3101
Instantaneous Utilization,ResourceLogin,0.4421
Waiting Time,ALTERAR.Queue,0.1430
Waiting Time,APP.Queue,0.2709
Waiting Time,BD.Queue,0.2929
Waiting Time,CONSULTAR.Queue,0.3101
Waiting Time,LOGIN.Queue,0.4169
Number Waiting,ALTERAR.Queue,0.04663054
Number Waiting,APP.Queue,0.2094
Number Waiting,BD.Queue,0.2425
Number Waiting,CONSULTAR.Queue,0.1556
Number Waiting,LOGIN.Queue,0.3156
Instantaneous Utilization,ResourceAlterar,0.2187
Instantaneous Utilization,ResourceApp,0.4032
Instantaneous Utilization,ResourceBD,0.3979
Instantaneous Utilization,ResourceConsultar,0.3268
Instantaneous Utilization,ResourceLogin,0.4420
